기간,01시,02시,03시,04시,05시,06시,07시,08시,09시,10시,11시,12시,13시,14시,15시,16시,17시,18시,19시,20시,21시,22시,23시,24시,최대,최소,가중평균
2025/11/07,91.08,84.19,84.19,73.35,73.35,91.65,92.75,104.99,108.39,108.62,108.49,107.21,106.74,107.75,112.09,144.61,111.56,107.78,107.78,107.78,107.78,105.15,105.15,105.1,144.61,73.35,103.35
2025/11/06,108.66,82.85,74.11,72.47,72.47,88.45,108.29,114.1,119.37,109.15,116.6,108.68,107.94,108.69,109.12,114.77,108.8,113.22,127.4,123.5,123.5,123.3,104.61,104.58,127.4,72.47,107.45
2025/11/05,116.13,88.34,84.03,82.12,83.27,88.51,107.09,107.38,109.18,107.97,113.48,107.62,107.39,107.8,108.08,116.5,115.77,137.66,116.77,115.78,109.7,109.65,109.15,108.9,137.66,82.12,107.59
2025/11/04,122.03,92.88,92.88,92.88,92.88,92.88,94.5,103.07,103,107.5,118.68,108.02,105.55,108.23,108.28,115.75,108.23,108.31,122.5,122.62,122.62,122.62,107.73,103.51,122.62,92.88,108.22
2025/11/03,85.47,72.47,72.47,72.47,72.47,72.47,89.74,104.07,122.29,114.32,116.03,108.85,108.19,108.39,108.61,111.74,108.7,108.76,118.77,123.29,123.29,123.41,123.41,122.35,123.41,72.47,105.5
2025/11/02,109.07,103.1,103.1,102.96,103.1,103.16,103.99,106.86,106.89,113.07,109.06,0,0,103.1,112.86,111.04,109.06,113.07,127.84,127.84,113.38,113.38,113.44,110.77,127.84,0,101.75
2025/11/01,108.25,106.6,100.35,100.35,100.35,100.35,111.74,111.9,111.9,111.93,115.45,0,0,104.3,102.32,106.28,114.19,116.05,115.7,114.2,114.2,114.21,108.25,108.25,116.05,0,100.81
2025/10/31,116.72,89.77,90.19,89.69,89.56,105.57,117.22,123.67,127.22,127.11,126.88,126.59,123.67,126.54,123.67,123.67,123.67,126.88,138.36,138.49,123.67,123.67,122.98,117.22,138.49,89.56,119.71
2025/10/30,131.79,131.79,89.72,89.72,89.62,113.84,118.07,133.67,125.18,123.77,130.82,123.43,120.22,122.37,122.37,123.32,123,123.28,134.44,134.51,134.64,133.61,133.61,113.77,134.64,89.62,122.78
2025/10/29,117.21,90.3,89.79,83.9,89.67,90.18,111.18,111.18,119.63,125.31,120.79,112.05,111.97,111.81,117.13,117.13,132.78,132.78,134.19,134.25,134.25,134.25,109.86,107.07,134.25,83.9,115.68
2025/10/28,115.98,89.92,90.01,89.69,89.99,97.2,119.73,120.07,120.09,120.37,126.72,112.17,112.16,112.16,118.96,120.3,130.55,134.65,134.09,120.05,117.85,112.17,99.93,107.23,134.65,89.69,113.94
2025/10/27,75.47,73.19,73.19,73.19,73.19,73.19,102.31,115.29,132.75,124.21,125.66,124.65,112.36,116.2,112.36,116.2,118.96,128.7,134.54,134.54,134.54,134.54,125.93,126.46,134.54,73.19,113.25
2025/10/26,77.2,73.44,71.42,68.35,68.5,69.12,72.63,73.44,71.71,67.27,67.27,67.27,63.12,65.41,65.49,90.78,90.78,93.9,93.9,93.9,93.9,93.46,90.78,89.88,93.9,63.12,78.8
2025/10/25,91.13,90.35,74.32,73.13,73.13,73.19,90.31,109.26,90.1,116.31,118.45,118.45,118.45,118.45,116.31,116.31,109.87,114.46,116.31,116.31,116.31,116.31,116.31,111.15,118.45,73.13,105.76
2025/10/24,109.13,71.52,70.45,68.92,69.68,90,102.67,116.58,119.13,119.13,119.13,119.13,119.13,119.13,119.13,119.13,116.43,117.72,117.83,114.51,114.51,112.36,112.36,108.06,119.13,68.92,108.33
2025/10/23,105.77,89.83,74.94,72.26,72.94,103.08,103.34,111.81,117.51,117.4,117.17,117.06,113.96,116.83,116.83,116.83,113.96,116.11,125.02,125.06,125.04,113.96,113.96,109.66,125.06,72.26,110.06
2025/10/22,106.66,89.72,89.76,89.78,89.67,115.09,97.3,134.09,120.56,120.55,120.55,118.53,118.53,118.53,118.53,118.53,118.53,118.53,118.52,118.51,114.1,111.44,111.61,107.65,134.09,89.67,112.55
2025/10/21,111.61,83.72,82.47,82.61,84.44,90.41,97.31,97.66,126.57,112.73,112.61,112.37,112.28,112.24,112.24,112.24,130.12,118.32,126.4,126.77,118.32,98.51,98.48,98.58,130.12,82.47,107.89
2025/10/20,71.89,68.27,67.23,67.23,67.23,68.27,74.73,97.26,143.35,125.78,125.53,118.87,110.74,118.88,118.87,118.88,118.82,118.87,140.52,129.37,118.81,118.24,129.07,102.15,143.35,67.23,108.52
2025/10/19,72.61,71.28,68.97,68.2,68.2,68.97,69.74,69.17,66.97,91.98,91.98,91.98,91.98,91.98,91.98,91.66,91.8,92.5,92.5,92.5,92.5,91.98,91.55,77.83,92.5,66.97,84.01
2025/10/18,92.31,87.08,72.22,72.2,72.25,72.28,72.28,85.05,91.55,130.55,130.41,122.71,93.43,92.19,93.43,158.79,93.43,130.77,130.95,93.43,92.23,92.19,92.13,91.4,158.79,72.2,99.78
2025/10/17,107.15,84.56,73.05,73.05,73.05,90.02,102.33,114.32,117.24,117.14,125.72,120.47,114.74,120.46,120.46,135.88,135.88,122.58,128.42,128.41,129.61,135.49,128.11,127.95,135.88,73.05,116.03
2025/10/16,102.41,92.85,92.85,92.95,92.85,92.85,102.8,113.62,116.72,145.01,144.99,118.61,117.02,127.01,127.01,162.12,128.12,128.2,128.26,118.7,117.09,113.62,113.62,117.06,162.12,92.85,118.91
2025/10/15,106.06,90.69,90.57,83.73,83.73,90.89,109.96,109.26,117.24,119.12,138.09,123.16,119.04,145.47,123.15,123.15,136.82,118.35,129.75,129.35,129.7,115.71,109.26,91.37,145.47,83.73,116.16
2025/10/14,96.1,73.96,73.96,73.96,73.96,90,102.96,112.09,122.26,161.07,137.52,122.4,121.81,121.91,137.48,172.99,133.85,133.85,122.32,122.32,122.33,112.09,109.87,117.06,172.99,73.96,118.18
2025/10/13,68.71,68.11,68.11,68.11,68.11,68.11,71.97,119.69,126.69,141.57,134.39,147.44,126.46,126.46,126.46,152.69,124.74,126.46,134.39,133.57,133.57,128.99,118.61,91.97,152.69,68.11,114.65
2025/10/12,72.99,70.99,69.8,68.61,68.61,68.61,70.34,68.61,68,67.69,67.69,67.69,67.69,67.69,68,68.61,92.95,93.03,93.7,93.04,93.04,93.04,93.9,91.51,93.9,67.69,77.91
2025/10/11,94.91,71.93,71.35,70.43,71.35,92.17,92.39,92.23,69.28,92.83,93.09,93.09,0,92.04,93.08,93.09,93.09,117.73,117.66,117.58,93.43,93.1,93.03,92.23,117.73,0,88.69
2025/10/10,102.41,69.96,68.45,68.45,68.26,68.45,90.07,90.49,108.8,115.25,118.12,115.25,114.71,117.61,115.25,116.8,115.25,117.61,129.2,129.2,129.2,128.82,113.1,112.63,129.2,68.26,106.62
2025/10/09,69.13,69.13,68.08,67.04,68.08,69.13,69.13,69.13,65.59,65.59,71.74,62.94,6.64,136.73,71.75,134.61,92.86,93,92.92,93.02,93.03,92.87,92.6,78.54,136.73,6.64,80.14
2025/10/08,67.31,67.31,67.31,67.31,67.31,67.31,67.31,67.31,67.31,65.7,66.06,65.97,0,67.31,66.17,67.31,67.31,135.84,136.52,140.83,80.42,80.42,80.42,80.42,140.83,0,77.04
2025/10/07,69.31,68.19,67.64,67.36,67.36,67.36,67.64,67.36,65.56,66.74,67.36,67.36,67.26,66.55,64.93,65.44,67.36,72.5,72.5,75.19,75.19,75.19,75.19,75.19,75.19,64.93,69.43
2025/10/06,69.19,67.26,67.02,67.02,67.02,67.63,69.08,69.08,66.92,66.73,67.02,67.02,67.02,67.02,66.59,67.02,67.02,69.08,69.08,74.03,74.03,74.03,74.03,74.03,74.03,66.59,69.09
2025/10/05,72.32,70.69,70.69,69.08,69.08,70.09,70.69,69.08,67.07,67.07,67.07,67.07,66.23,67.07,67.07,67.07,69.08,71.78,71.78,74.03,74.03,74.03,74.03,74.03,74.03,66.23,70.03
2025/10/04,73.28,72.92,72.51,71.69,71.36,72.51,72.92,72.51,72.51,68.69,139.9,133.46,68.69,68.69,68.69,70.87,72.92,72.92,72.92,73.82,73.82,73.82,73.82,73.82,139.9,68.69,77.63
2025/10/03,102.21,90.46,74.97,73.51,73.51,73.95,91.13,91.91,115.5,118.37,118.37,118.37,115.5,115.5,115.5,111.19,111.19,115.5,115.5,115.5,115.5,115.5,115.5,111.41,118.37,73.51,106.01
2025/10/02,74.18,73.96,73.96,73.96,73.96,73.96,73.96,91.05,118.3,119.72,124.02,126.72,124.02,126.15,124.02,172.28,121.87,118.39,119.72,117.58,119.72,91.95,91.78,115.95,172.28,73.96,108.42
2025/10/01,98.63,73.28,71.64,70.82,69.26,71.64,76.65,91.14,91.14,114.92,114.92,114.91,91.11,103.71,103.7,117.57,130.5,116.21,133.3,137.49,117.17,103.4,103.12,96.91,137.49,69.26,103
2025/09/30,77.32,76.15,75.49,74.77,75.04,75.49,75.96,76.15,91.52,93.14,140.46,93.37,92.89,93.37,93.36,92.78,108.21,93.38,129.58,129.58,129.58,96.44,96.44,92.42,140.46,74.77,96.69
2025/09/29,72.39,69.84,69.22,69.84,69.2,69.84,72.71,78.82,78.82,126.88,126.88,72.71,72.71,72.71,86.72,91.52,91.29,126.87,139.7,139.7,129.45,129.45,88.55,88.55,139.7,69.2,96.05
2025/09/28,72.05,71.65,71.65,71.65,71.65,71.65,71.65,71.65,71.65,76.7,128.43,128.43,128.43,130.38,96.62,95.63,78.25,95.97,95.94,96.18,91.16,91.16,91.16,80.74,130.38,71.65,90.78
2025/09/27,77.25,71.92,71.63,71.63,71.63,71.63,71.92,74.99,71.63,121.98,93.09,93.13,92.86,121.98,123.93,126.93,123.93,123.1,111.99,139.67,103.12,93.18,92.83,83.26,139.67,71.63,98.38
2025/09/26,78.16,73.01,73.01,73.01,71.52,72.61,75.82,93.44,128.58,128.16,128.04,127.86,127.8,127.62,127.62,127.62,127.8,127.86,121.33,121.33,139.71,118.25,100.05,92.74,139.71,71.52,111.06
2025/09/25,106.15,106.15,106.15,106.15,106.24,106.24,106.24,106.24,106.15,140.02,175.38,117.92,105.78,117.49,117.54,137.38,124.46,138.52,139.35,138.75,126.56,118.33,135.53,79.22,175.38,79.22,121.16
2025/09/24,89.9,76.32,76.32,76.76,76.76,76.32,76.41,92.81,100.09,175.54,131.42,131.45,100.85,100.85,131.34,144.52,120.78,100.85,140.66,139.64,131.4,125.76,96.28,92.86,175.54,76.32,111.51
2025/09/23,78.41,75.03,71.57,71.57,71.57,71.57,77.68,91.74,123.1,125.05,128.96,125.05,125.05,132.67,132.67,132.67,133.31,133.16,126.54,135.34,125.05,123.1,123.1,122.91,135.34,71.57,114.27
2025/09/22,75.77,71.68,71.68,71.68,71.68,71.68,71.92,75.79,120.65,121.55,132.38,120.65,126.59,130.16,120.65,124.19,120.65,122.61,126.13,126.13,126.13,120.65,118.7,92.71,132.38,71.68,108.84
2025/09/21,74.6,71.03,70.24,70.24,70.24,71.03,71.03,71.03,69.73,67.63,119.41,119.41,93.77,117.45,117.45,117.45,93.83,115.89,105.91,105.87,117.45,93.84,93.4,84.89,119.41,67.63,93.68
2025/09/20,77.31,74.29,74.29,74.29,74.29,74.29,74.29,74.29,74.29,120.95,120.95,163.82,141.42,71.63,71.63,74.29,74.29,74.62,110.44,110.43,85.66,85.66,85.66,85.66,163.82,71.63,91.17
2025/09/19,78.18,74.4,74.4,74.4,74.4,74.4,91.97,117.63,121.43,130.89,131.23,130.52,130.02,128.24,162.72,138.46,138.46,125.98,125.98,125.98,121.43,109.52,109.52,117.58,162.72,74.4,116.52
2025/09/18,76.77,73.74,71.52,71.52,71.52,71.52,74.27,93.93,122.94,129.8,129.62,193.74,129.56,129.56,129.56,129.56,129.62,129.8,129.92,129.92,130.45,123,123,113.06,193.74,71.52,116.98
2025/09/17,93.49,75.1,74.92,75.58,74.92,75.58,91.74,123.87,133.68,163.83,142.35,137.19,137.19,137.19,137.19,143.71,137.19,137.19,137.36,137.75,137.75,129.61,125.83,93.84,163.83,74.92,123.02
2025/09/16,123.91,73.71,73.71,73.71,73.71,73.71,91.81,92.74,125.86,139.52,139.5,133.12,133.12,133.12,140.35,141.02,141.02,138.81,139.1,139.1,139.1,139.1,139.1,139.1,141.02,73.71,123.72
2025/09/15,71.8,71.32,71.32,71.32,71.32,71.32,72.08,127.09,127.09,137.4,137.4,137.15,136.79,136.79,136.79,136.79,136.79,136.79,137.79,137.4,137.4,130.63,127.09,92.6,137.79,71.32,118.31
2025/09/14,77.23,75.68,71.86,70.76,70.76,70.76,71.86,71.86,70.76,93.59,101.14,101.12,101.12,101.12,101.11,101.12,101.13,101.14,101.15,101.15,100.82,96.08,93.19,85.51,101.15,70.76,90.26
2025/09/13,90.89,74.54,71.63,71.63,71.63,71.63,71.63,71.63,77.08,137.59,139,163.42,102.82,137.96,139,139,139,139,139,139,139,125.69,89.87,84.23,163.42,71.63,113.18
2025/09/12,92.4,74.49,74.49,74.49,74.49,74.49,75.2,126.12,126.12,133.79,133.73,133.55,133.55,133.37,141.51,154.68,143.65,133.79,133.79,133.97,134.09,131.54,126.12,124.08,154.68,74.49,121.35
2025/09/11,93.67,75.61,74.19,74.19,74.19,74.19,76.98,125.32,127.27,127.27,132.48,125.32,125.32,134.16,133.98,134.16,127.28,134.28,134.52,134.71,134.89,127.27,125.32,115.53,134.89,74.19,117.8
2025/09/10,120.49,74.76,74.04,74.04,74.04,74.04,91.66,120.49,122.44,129.88,129.69,129.63,129.45,129.33,129.33,129.33,129.82,129.85,131.91,131.91,130.12,130.3,123.97,93.69,131.91,74.04,117.31
2025/09/09,93.49,75.57,75.22,75.57,74.91,74.91,92.36,125.21,131.08,139.93,139.93,137.67,137.67,137.67,132.22,132.22,138.46,138.46,132.64,132.88,139.46,133.06,132.11,123.26,139.93,74.91,122.61
2025/09/08,71.6,71.28,71.31,71.28,71.28,71.28,71.6,123.68,129.55,133.13,133.13,133.13,132.35,132.35,132.35,145.87,140.09,137.84,140.57,140.57,138.18,138.18,133.13,123.68,145.87,71.28,120.77
2025/09/07,131.38,76.06,74.64,74.78,74.51,73.92,73.92,73.92,74.73,136.93,94.13,137.09,138.89,138.89,138.89,138.89,138.89,138.89,138.89,138.89,138.89,138.89,136.93,93.54,138.89,73.92,117.03
2025/09/06,130.18,98.87,91.81,91.81,91.81,91.81,91.81,91.95,125.1,134.96,131.62,134.9,134.72,134.72,133.39,129.67,140.92,139.82,140.2,140.2,135.14,137.29,127.72,123.99,140.92,91.81,124.79
2025/09/05,138.4,91.56,91.5,91.5,91.5,121.15,121.15,122.28,130.54,130.3,130.12,130,135.72,139.28,139.38,139.26,139.28,130.24,138.38,137.38,130.3,130.36,130.54,126.62,139.38,91.5,127.49
2025/09/04,123.71,92.21,87.43,88.09,88.09,88.09,121.75,121.75,131.38,131.32,131.32,131.14,130.96,130.96,130.96,130.9,137.73,130.9,138.5,138.5,138.5,131.32,131.17,127.24,138.5,87.43,124.88
2025/09/03,120.78,94.02,94.02,94.02,94.02,94.02,94.02,120.78,128.21,127.97,127.79,127.67,127.49,127.49,128.59,137.56,139.35,139.35,149.14,157.48,138.82,129.55,128.39,128.39,157.48,94.02,125.6
2025/09/02,120.56,91.5,91.5,91.5,91.5,91.5,91.85,122.51,129.95,129.77,129.71,129.53,129.41,129.23,129.23,129.23,140.56,130.32,141.04,141.04,138.99,129.95,130.13,127.42,141.04,91.5,123.85
2025/09/01,119.83,74.99,74.99,74.99,74.99,74.99,91.74,121.78,128.98,128.98,128.98,128.98,128.5,128.5,128.5,138.77,150.74,150.74,152.4,152.4,138.06,129.51,128.98,128.98,152.4,74.99,124.38
2025/08/31,117.64,116.55,84.79,84.79,84.79,84.79,84.79,84.79,117.64,120.74,119.48,120.45,120.45,120.28,120.23,120.28,120.28,120.45,121.86,122.13,122.13,121.8,120.96,117.64,122.13,84.79,113.36
2025/08/30,123.26,123.16,104.24,100.35,88.52,88.52,100.35,100.72,101.23,105.41,116.9,116.91,116.91,116.91,116.9,113.29,133.8,134.13,134.13,134.13,151.15,123.3,121.11,120.79,151.15,88.52,117.9
2025/08/29,125.68,110.5,108.81,108.81,108.81,108.81,112.34,117.49,118.2,122.77,122.19,125.72,125.72,125.72,149.8,154.08,131.47,131.51,131.78,131.78,131.78,131.78,120.27,120.27,154.08,108.81,125.62
2025/08/28,124.4,111.33,109.49,109.49,109.49,109.49,113.17,115,118.8,121.39,121.39,119.01,125.17,120.81,121.39,130.57,130.59,133.67,133.95,133.95,133.95,133.95,118.9,118.7,133.95,109.49,122.96
2025/08/27,124.21,110.52,108.68,90.92,90.94,108.68,112.36,116.78,119.35,119.47,117.53,119.47,117.03,120.29,120.09,120.29,130.73,133.67,133.95,133.95,133.95,133.95,120.8,120.8,133.95,90.92,120.68
2025/08/26,130.34,113.96,114.72,114.72,114.72,114.72,114.72,116.56,125.48,120.58,141.83,141.82,131.84,141.83,141.83,158.62,141.83,131.88,132.15,132.15,132.15,119.51,119.51,120.14,158.62,113.96,129.45
2025/08/25,114.66,84.24,84.24,84.24,84.24,84.24,85.95,118.93,130.18,130.18,130.18,130.14,122.79,130.03,130.14,130.14,130.14,130.46,131.69,131.69,122.77,120.81,120.77,120.74,131.69,84.24,119.31
2025/08/24,115.13,115.13,112.77,115.13,111.44,109.59,113.28,115.13,115.13,117.94,117.77,117.72,117.72,117.72,117.72,117.72,117.72,117.77,127.68,128.78,128.78,123,119.97,118.45,128.78,109.59,118.5
2025/08/23,117.47,112.32,112.32,84.66,84.66,84.66,84.66,114.16,116,116.54,116.8,116.8,117.31,117.31,117.31,117.31,116.8,117.31,134.48,134.48,134.48,121.97,121.97,121.65,134.48,84.66,115.7
2025/08/22,124.24,111.99,110.68,108.31,108.42,108.84,111.65,117.45,117.27,119.81,119.85,121.02,120.24,122.26,122.3,128.8,123,122.7,140.05,136.87,134.15,119.86,121.65,121.59,140.05,108.31,121.7
2025/08/21,110.12,99.89,92.58,90.51,88.27,90.89,114.84,119.41,115.09,119.74,119.78,121.1,119.78,121.6,121.96,121.4,132.45,134.3,134.73,134.73,134.73,121.1,118.94,118.62,134.73,88.27,118.78
2025/08/20,110.18,99.91,95.34,90.51,90.51,84.24,114.7,122.68,115.47,118.17,118.26,120.83,118.22,120.68,121.8,125.84,131.4,131.53,131.84,131.91,118.79,118.04,115.87,115.16,131.91,84.24,117.02
2025/08/19,130.16,111.48,111.48,110.88,111.48,111.48,117.11,119.31,119.09,120.22,129.2,121.35,121.11,130.49,131.24,131.24,131.85,132.46,131.85,131.72,131.72,121.15,121.09,118.53,132.46,110.88,124.03
2025/08/18,115.59,76.45,76.45,76.45,76.45,76.45,76.45,115.59,118.73,118.73,118.73,118.73,118.22,118.22,121.37,135.15,123.69,124.48,124.51,124.13,119.4,131.6,118.73,118.73,135.15,76.45,112.93
2025/08/17,117.46,118.98,113.96,77.12,114.22,77.12,76.63,116.06,115.92,121.01,121.01,121.01,120.5,120.5,120.5,120.5,120.5,119.75,121.01,121.01,121.01,121.01,118.43,116.06,121.01,76.63,115.04
2025/08/16,115.86,114.02,117.67,110.85,77.24,77.18,77.18,115.86,115.86,118.84,117.7,118.84,118.44,118.44,118.44,118.44,118.44,118.44,118.84,118.84,118.84,117.7,118.84,117.7,118.84,77.18,113.74
2025/08/15,114.99,114.99,116.83,111.29,111.29,111.29,114.99,117.35,114.99,118.14,118.09,117.92,117.92,117.82,117.82,117.82,117.8,117.92,125.51,125.88,119.32,134.46,120.1,116.83,134.46,111.29,118.48
2025/08/14,115.01,113.17,113.17,113.17,107.66,84.24,119.66,120.16,116.65,118.02,118.95,120.34,120.34,153.99,118.02,118.02,118.95,120.2,132.11,132.11,117.43,116.68,120.16,116.65,153.99,84.24,119.43
2025/08/13,109.8,97.86,96.02,90.51,84.24,84.24,109.29,116.93,115.1,131.69,131.69,120.83,120.68,120.68,117.91,117.91,119.4,117.91,117.91,117.91,120,116.65,116.43,116.43,131.69,84.24,114.43
2025/08/12,118.26,84.35,84.34,84.33,84.34,84.35,95.63,118.33,119.27,125.52,125.59,125.59,125.5,125.51,119.52,128.39,119.56,119.56,120.26,120.28,119.27,119.27,119.4,116.85,128.39,84.33,114.68
2025/08/11,117.09,75.19,75.19,75.19,75.19,75.12,75.19,118.5,118.5,120.92,120.92,120.92,120.48,120.48,149.52,120.48,122.04,122.04,132.23,130.98,120.92,120.92,120.92,118.5,149.52,75.12,115.16
2025/08/10,119.26,79.57,77.29,76.5,76.5,76.5,76.5,76.5,76.5,119.47,120.89,123.06,122.93,122.93,122.88,122.88,122.93,159.63,123.14,123.32,123.32,121.86,120.89,120.89,159.63,76.5,111.93
2025/08/09,117.4,115.99,113.28,78.56,78.56,78.56,78.56,116.56,118.82,121.37,121.24,121.24,121.24,121.24,154.75,121.37,121.5,118.82,121.5,121.55,121.55,118.82,119.5,118.82,154.75,78.56,116.31
2025/08/08,115.07,113.24,109.56,84.37,84.37,84.37,109.9,117.54,118.39,133.53,133.66,117.99,117.88,117.88,119.92,120.17,120.17,120.17,133.08,133.21,133.21,118.56,118.56,118.56,133.66,84.37,118.25
2025/08/07,114.5,85.47,81.87,81.87,81.87,81.87,114.5,120.01,123.19,121.26,124.25,124.25,120.98,124.25,124.25,124.25,130.86,134.89,133.65,132.84,132.84,132.84,121.66,118.18,134.89,81.87,118.85
2025/08/06,114.95,84.4,84.38,84.37,84.38,84.36,116.04,118.27,127.74,118.97,118.97,118.97,118.1,120.38,125.52,135.43,123.62,119.69,119.64,119.64,119.21,119.6,118.27,118.43,135.43,84.36,115.22
2025/08/05,115.29,76.29,75.82,75.82,75.82,75.82,115.29,118.44,118.38,118.38,118.21,119.75,118.61,118.13,120.77,124.83,125.05,125.18,125.12,125.04,119.21,118.44,118.61,118.61,125.18,75.82,113.36
2025/08/04,116.43,114.79,112.95,107.44,88.57,107.44,118.82,118.82,119.09,120.23,150.33,128.82,122.33,128.76,130.31,130.31,130.36,130.66,131.69,131.69,128.76,119.08,119.08,118.77,150.33,88.57,123.6
2025/08/03,115.93,116.11,115.93,108.55,76.5,108.95,115.93,114.09,115.93,116.9,116.73,118.18,125.37,125.89,122.95,122.4,120.45,120.51,139.25,132.62,132,122.38,156.78,117.41,156.78,76.5,121.23
2025/08/02,115.5,115.5,113.48,111.64,111.64,111.64,113.48,115.32,116.29,116.93,122.45,122.55,123.5,123.5,123.41,122.41,118.12,118.29,122.11,147.41,140.05,120.06,116.93,116.87,147.41,111.64,120.77
2025/08/01,116.19,113.1,113.1,109.42,111.26,113.1,113.1,119.33,119.15,119.04,118.97,120.34,120.34,120.34,126.65,129.98,133.81,133.81,134.24,134.24,134.24,117,116.94,116.92,134.24,109.42,122.18
2025/07/31,117.02,115.16,92.82,92.82,92.82,92.78,121.05,120.54,119.86,122.42,126.92,126.92,121.92,128.14,128.14,134.9,134.9,134.9,135.22,135.22,135.22,119.77,119.86,119.97,135.22,92.78,122.28
2025/07/30,132.02,113,114.86,109.28,109.28,111.14,121.18,120.66,119.39,125.4,128.22,130.06,127.34,128.47,133.95,133.95,133.94,133.89,128.82,128.97,125.99,122.59,121.08,119.1,133.95,109.28,124.86
2025/07/29,108.83,96.44,92,91.07,92,93.98,98.82,120.91,120.66,121.23,125.21,128.65,128.57,133,133,147.25,147.25,133.11,133.43,133.43,133.43,121.43,120.67,120.34,147.25,91.07,122.36
2025/07/28,97.13,96.44,81.17,81.17,81.17,91.55,98.74,99.66,120.62,121.22,122.51,123.32,123.24,123.26,132.33,134.95,134.95,134.95,135.09,135.22,135.22,122.82,122.73,122.71,135.22,81.17,118.77
2025/07/27,117.57,117.57,93.31,91.17,88.49,90.97,93.32,117.57,120.42,120.25,127.79,120.02,120.02,123.71,123.71,131.11,123.7,123.69,130.45,145.68,124.94,120.54,120.71,120.71,145.68,88.49,118.87
2025/07/26,116.27,118.25,114.99,92.56,92.65,112.54,116.27,119.39,119.11,118.94,120.32,120.72,120.72,123.96,123.96,123.96,123.96,138.6,138.34,123.9,123.92,120.32,130.99,130.67,138.6,92.56,121.39
2025/07/25,100.34,93.13,88.18,86.07,83.18,85.41,93.36,99.3,116.91,122.02,123.82,127.6,122.49,126.48,130.7,135.46,135.46,135.57,135.89,135.89,122.14,121.72,121.34,121.34,135.89,83.18,118.46
2025/07/24,100.78,93.06,92.97,82.17,82.17,92.57,93.22,100.31,119.36,121.21,124.27,124.17,120.31,124.06,124.81,136.91,136.91,135.29,135.73,135.73,135.73,121.88,117.56,116.7,136.91,82.17,118.38
2025/07/23,100.65,93.05,93.05,92.45,83.48,92.84,93.04,99.57,119.01,120.57,121.29,128.1,123.38,124.73,151.6,151.61,135.71,132.98,133.25,133.25,133.25,133.25,117.12,116.26,151.61,83.48,120.51
2025/07/22,125.12,114.68,92.69,91.62,90.53,91.62,110.96,118.4,119.89,121.17,125.83,127.06,121.84,125.88,126.03,147.3,132.44,147.3,147.3,136.12,132.43,132.24,121.15,121.15,147.3,90.53,123.88
2025/07/21,118.53,81.37,80.72,79.9,79.9,79.9,93.11,118.53,121.48,122.91,124.24,125.48,124.24,131.39,155.93,133.36,133.36,133.36,124.24,135.23,121.97,133.84,121.78,121.75,155.93,79.9,119.68
2025/07/20,100.05,81.64,79.27,77.73,79.38,79.38,79.38,79.38,93.33,93.97,101.44,118.41,118.43,121.92,121.92,121.92,121.9,121.86,121.86,136.05,136.21,135.94,101.48,100.54,136.21,77.73,107.88
2025/07/19,94.2,83.45,81.01,81.01,81.01,81.01,81.01,81.01,93.11,99.99,120.72,120.73,123.62,123.81,123.26,120.73,120.71,111.58,111.61,111.97,111.17,100,99.57,93.76,123.81,81.01,104.08
2025/07/18,94.15,93.08,83.48,83.48,83.48,92.61,98.97,99.93,126.63,134.74,135.64,134.61,126.68,134.66,134.66,134.4,131.25,131.25,118.11,118.09,118.07,118.07,107.9,93.44,135.64,83.48,115.93
2025/07/17,100.71,92.94,92.55,92.64,92.61,92.64,98.51,100.71,125.07,125.07,134.21,134.21,123.69,134.21,134.21,134.21,125.22,125.38,125.29,135.51,125.07,125.03,125.2,109.54,135.51,92.55,118.76
2025/07/16,119.51,92.62,84.76,85.32,84.76,85.57,113.9,117.61,127.64,133.62,133.58,133.58,123.18,133.58,133.6,133.6,127.81,127.81,127.81,135.45,127.83,127.81,127.73,115.76,135.45,84.76,121.11
2025/07/15,118.2,92,89.49,90.04,89.57,89.4,114.94,122.41,125.39,127.79,131.16,128.8,128.6,130.22,127.72,127.72,125.36,125.35,125.39,133.41,125.39,125.39,125.38,121.05,133.41,89.4,120.09
2025/07/14,118.62,113.98,93.12,92.67,82.78,92.62,110.26,115.84,121.19,121.83,123.13,123,121.8,123.05,132.55,132.55,132.55,132.97,133.17,135.28,122.87,121.65,121.59,121.58,135.28,82.78,120.57
2025/07/13,118.84,93.42,92.9,90.81,90.67,90.81,92.96,114.52,121.97,121.8,121.68,121.51,121.46,128.74,126.83,127,121.46,131.78,131.81,121.97,122.03,122.2,131.81,118.84,131.81,90.67,117.61
2025/07/12,125.92,122.2,92.99,89.84,89.16,92.58,120.34,122.47,128.57,118.07,120.22,120.22,120.22,123.33,123.33,123.33,123.33,135.27,135.28,136.3,136.32,136.12,120.24,119.91,136.32,89.16,121.39
2025/07/11,118.36,115.01,109.44,92.84,107.74,109.44,111.29,121.8,120.52,121.38,121.23,121.68,121.68,144.2,121.68,125.89,125.89,125.71,122.95,136.02,122.78,121.65,121.61,121.62,144.2,92.84,121.21
2025/07/10,131.98,113.74,117.09,111.88,110.02,113.74,117.09,120.73,123.39,127.31,127.13,143.51,133.24,133.24,134.05,156.91,134.03,133.98,127.06,133.9,126.52,121.15,121.09,121.09,156.91,110.02,127.81
2025/07/09,131.98,114.03,117.21,112.17,110.31,114.03,117.73,120.78,127.9,127.61,128.8,128.46,128.29,143.81,142.47,159.98,134.4,134.39,134.39,134.39,129.57,123.15,133.51,122.14,159.98,110.31,129.48
2025/07/08,131.98,115.01,118.13,111.29,111.29,113.15,115.62,121.05,126.94,127.15,127.56,127.53,126.18,142.79,152.78,153.06,141.46,135.41,135.41,135.41,132.44,133.12,122.8,122.24,153.06,111.29,129.85
2025/07/07,118.34,114.82,112.96,92.88,92.88,92.88,114.82,118.36,121.11,125.93,127.6,130.48,127.54,134.39,134.39,151.58,134.33,134.3,133.45,133.59,133.59,133.45,133.45,121.05,151.58,92.88,125.72
2025/07/06,118.03,118.03,93,88.67,87.99,88.3,91.99,114.3,118.03,121.23,121,120.71,120.65,120.65,120.48,120.48,120.65,135.31,136.88,135.34,137.01,121.23,120.73,121,137.01,87.99,118.26
2025/07/05,117.69,113.97,117.69,92.76,92.45,92.77,112.11,117.69,120.08,120.87,120.82,120.65,120.53,120.53,120.53,120.53,120.65,131.75,134.66,137.63,137.65,134.75,134.86,117.69,137.65,92.45,121.2
2025/07/04,131.98,115.75,115.75,115.75,115.75,115.75,115.9,118.43,121.44,128.61,128.68,128.68,123.35,130.99,132.68,134.03,134.03,134.03,143.28,143.29,132.39,134.58,121.44,121.44,143.29,115.75,127.86
2025/07/03,115.69,115.86,115.86,115.86,115.86,115.86,117.43,118.31,120.07,120.91,123.07,127.6,127.43,129.88,132.43,147.22,147.22,147.21,132.27,132.44,128.37,132.27,120.6,120.54,147.22,115.69,127.24
2025/07/02,131.98,98.88,98.28,92.8,92.8,92.8,109.67,118.92,121.35,121.48,128.53,129.28,128.8,130.84,131.62,147.8,147.8,132.63,133.04,133.13,133.25,121.54,121.48,121.48,147.8,92.8,123.68
2025/07/01,131.98,98.24,105.04,92.69,91.37,92.69,116.94,118.33,121.02,122.54,129.22,147.6,141.85,141.85,129.22,129.22,122.54,124.67,124.64,125.66,125.15,121.04,121.01,120.97,147.6,91.37,122.22
2025/06/30,105.55,95.1,94.65,94.8,94.84,94.79,95.53,106.44,125.67,171.07,128.93,131.87,129,137.19,139.45,156.39,156.39,141.64,142.03,142.03,142.03,125.73,125.69,114.87,171.07,94.65,127.94
2025/06/29,106.65,96.07,95.54,84.77,84.77,84.77,84.98,96.03,96.59,96.95,126.2,106.94,106.44,106.44,103.43,126.18,107.61,107.82,113.99,133.07,154.55,142.15,139.23,139.23,154.55,84.77,111.76
2025/06/28,108.91,108.87,105.87,95.89,95.71,95.8,105.03,105.66,107.14,108.55,126.34,126.34,116.78,126.33,126.28,126.35,116.32,116.47,116.47,145.1,145.1,145.1,107.13,106.28,145.1,95.71,117.58
2025/06/27,108.93,94.59,88.99,86.62,94.74,95.46,95.66,106.62,114.82,125.7,126.48,126.48,126.48,150.22,131.82,131.82,126.75,126.75,126.32,126.26,126.31,125.36,123.63,107.06,150.22,86.62,118.56
2025/06/26,108.93,94.63,94.32,86.89,94.85,95.5,104.13,106.62,115.59,124.61,153.26,125.7,124.23,109.58,137.53,148.57,129.43,129.3,129.11,145.31,129.26,126.5,115.59,107.04,153.26,86.89,120.06
2025/06/25,107.52,104.58,95.04,95.04,94.88,95.04,104.05,106.71,139.52,140.85,140.85,140.84,127.77,140.88,140.85,140.85,127.58,127.66,139.45,127.75,127.66,125.64,114.08,106.95,140.88,94.88,123.13
2025/06/24,105.69,105.35,95.06,94.95,94.95,95.12,99.39,106.48,123.86,130.89,130.96,130.96,139.41,154.28,151.35,130.96,130.92,130.91,125.55,130.88,127.45,124.33,125.64,107.02,154.28,94.95,123.03
2025/06/23,105.54,94.83,94.78,94.64,94.7,94.9,98.44,107.63,141.03,141.03,164.63,133.92,128.87,132.28,128.9,130.34,127.34,127.34,127.44,127.14,127.14,121.75,114.72,107.04,164.63,94.64,121.25
2025/06/22,103.79,97.3,86.54,83.24,83.24,83.24,83.24,81.27,81.27,105.62,105.62,105.62,105.62,106.77,104.96,107.51,106.98,107.42,112.39,145.43,145.43,110.93,106.67,96.88,145.43,81.27,103.86
2025/06/21,120.96,105.56,106.05,102.06,102.06,100.73,102.06,105.64,105.84,126.48,127.07,127.23,127.22,127.21,127.04,127.15,126.74,126.55,126.59,126.68,126.61,109,109.01,107.86,127.23,100.73,117.63
2025/06/20,106.6,105.92,106.34,105.66,105.51,105.56,106.61,122.98,124.77,138.53,193.75,138.3,130.65,139.04,137.6,137.58,130.63,130.61,128.2,125.21,125.21,124.95,124.77,124.71,193.75,105.51,127.66
2025/06/19,107.86,106.06,95.04,95.01,95.18,95.06,117.65,121.54,125.91,129.47,132.19,132.14,130.03,132.07,138.73,166.11,137.85,137.2,131.39,128.84,127.55,125.91,125.91,125.62,166.11,95.01,125.42
2025/06/18,105.26,103.5,103.25,94.85,94.61,94.56,95.29,123.31,123.84,128.04,128.68,130.76,128.67,136.39,136.37,136.37,134.24,134.35,138.66,138.66,142.49,142.49,142.49,107.13,142.49,94.56,124.55
2025/06/17,106.67,106.57,106.67,105.54,105.36,105.51,106.66,106.65,127.05,129.47,134.39,135.87,135.87,137.89,150.78,148.05,140.11,139.84,140.78,140.78,140.78,140.78,137.25,136.82,150.78,105.36,129.49
2025/06/16,97.88,84.97,80.64,81.43,81.46,81.46,95.02,107.55,126.3,140.12,140.12,139.18,139.18,134.91,139.18,139.76,139.76,139.76,140.7,140.7,140.7,140.7,107.52,107.23,140.7,80.64,122.71
2025/06/15,104.82,96.07,95.27,81.3,82.52,83.75,84.16,80.98,96.02,96.93,106.7,106.82,106.82,106.82,106.82,106.83,106.83,106.29,106.81,144.27,116.8,106.84,106.66,106.2,144.27,80.98,103.12
2025/06/14,115.03,107.27,106.25,101.42,106.51,106.17,107.32,107.32,137.98,129.97,139.04,138.89,131.99,138.46,131.82,130.04,127.15,126.95,143.51,143.51,143.51,143.51,107.32,107.32,143.51,101.42,125.38
2025/06/13,106.54,106.24,105.62,105.38,105,106.55,106.54,124.68,125.14,129.25,140.47,139.62,139.62,140.43,139.72,139.62,139.52,139.62,140.47,140.47,140.47,125.68,122.35,106.51,140.47,105,127.32
2025/06/12,105.26,103.46,90.24,90.12,90.07,90.25,124.51,124.51,140.37,140.83,140.83,139.98,139.98,140.28,147.6,139.98,140.29,140.23,140.83,140.83,140.83,140.83,140.83,106.99,147.6,90.07,129.03
2025/06/11,108.06,106.07,95.03,105.52,105.47,105.34,106.88,125.56,126.93,127.63,140.88,139.81,139.81,139.81,167.44,139.81,140.71,140.71,140.88,140.88,140.88,140.88,140.88,106.88,167.44,95.03,129.71
2025/06/10,140.72,105.72,90.15,90.22,90.25,105.72,114.06,122.67,141.35,141.35,141.35,140.16,140.16,140.04,140.04,140.16,140.16,140.16,140.55,140.55,141.35,141.35,141.35,107.09,141.35,90.15,129.81
2025/06/09,104.93,104.09,104.31,95.06,95.06,104.36,104.92,107.15,131.09,127.9,141.37,127.63,127.63,137.8,137.76,127.63,127.63,125.49,143.47,143.47,143.47,143.47,107.08,107.08,143.47,95.06,122.92
2025/06/08,101.78,95.22,85.78,83.77,87.85,88.82,88.26,81.69,95.88,96.82,105.54,105.4,105.4,105.33,171.76,105.93,141.37,141.37,142.19,142.19,142.19,141.64,105.98,105.67,171.76,81.69,112.8
2025/06/07,106.02,96.26,96.23,95.71,95.72,95.69,95.67,106.6,106.53,108.91,108.91,127.52,143.63,108.86,108.86,108.86,108.86,137.98,143.52,109.12,107.49,105.36,105.37,105.37,143.63,95.67,110.01
2025/06/06,105.54,104.46,104.1,95.77,95.77,95.77,104.09,104.27,105.92,107.95,107.95,123.85,123.81,141.93,123.63,123.63,123.63,142.75,143.7,143.82,143.82,107.95,107.95,107.95,143.82,95.77,117.36
2025/06/05,107.02,105.68,90.25,90.25,90.25,106.65,107.03,121.14,123.79,123.79,129,128.93,128.93,128.88,128.84,137.44,126.98,126.74,143.51,143.51,143.51,143.51,107,107.01,143.51,90.25,121.32
2025/06/04,107.06,106.46,94.82,94.86,95.03,106.72,108.08,108.08,108.03,124.08,127.5,127.5,124.05,127.5,127.5,127.5,127.5,127.33,140.66,140.66,141.41,141.41,141.41,108.03,141.41,94.82,121.63
2025/06/03,104.73,104.04,104.32,95.76,95.75,103.93,104.31,107.64,107.63,124.23,144.9,143.21,130.8,130.81,130.75,130.81,123.65,122.18,123.32,122.18,122.18,107.67,107.67,107.68,144.9,95.75,116.64
2025/06/02,97.46,87.27,86.2,85.3,85.3,96.97,100.43,107.11,107.74,142.52,142.52,141.7,141.7,141.7,142.66,146.54,141.7,141.7,142.52,142.52,107.74,106.26,105.61,105.11,146.54,85.3,120.54
2025/06/01,104.44,100.72,92.64,91.13,89.62,90.1,104.34,102.54,102.53,102.53,106.37,105.14,105.14,106.21,106.13,109.97,109.97,142.33,143.1,143.39,139.12,138.02,143.54,105.13,143.54,89.62,113.26
2025/05/31,143.96,110.88,103.66,84.77,85.31,105.05,110.86,111.04,111.04,111.32,112.29,112.13,112.13,135.06,129.04,129.05,133.66,130.42,147,147,147.25,147.25,145.59,145.59,147.25,84.77,124.43
2025/05/30,141.86,110.77,110.77,110.78,110.77,110.71,129.83,130.04,130.13,134.24,132.53,132.53,132.53,132.53,132.53,149.48,132.53,132.53,132.53,145.27,145.34,145.4,145.4,144.73,149.48,110.71,132.26
2025/05/29,111.68,110.53,110.52,105.61,110.5,110.55,117.25,127,129.43,128.61,137.07,137.06,135.31,137.04,144.22,144.22,137.04,135.71,133.93,142.21,142.28,142.28,142.36,142.36,144.22,105.61,130.41
2025/05/28,140.44,110.71,110.71,110.63,110.71,110.8,126.59,127.59,129.52,131.75,148.5,141.91,139.65,141.91,141.91,146.85,144.46,144.8,144.06,143.23,143.23,140.7,140.7,140.7,148.5,110.63,134.69
2025/05/27,144.43,104.97,104.97,98.27,104.5,108.74,125.8,130.57,130.01,133.45,141.98,146.89,139.52,141.2,141.45,138.33,142.09,140.91,142.35,142.5,142.58,142.65,142.65,142.2,146.89,98.27,133.09
2025/05/26,118.35,108.6,84.23,84.23,84.23,100.08,111.11,111.99,146.07,134.43,138.33,138.24,135.76,138.24,138.25,146.48,140.9,151.38,141.14,141.29,152.96,141.29,141.29,141.39,152.96,84.23,129.77
2025/05/25,145.27,111.85,112.01,104.99,111.85,111.85,112.48,111.66,107.61,107.87,0,-72.15,-72.15,-72.15,125.75,125.75,125.75,152.18,152.16,146.89,146.87,143.55,143.69,112.27,152.18,-72.15,100.57
2025/05/24,142.92,142.92,107.36,92.52,92.52,107.21,108.78,109.47,129.83,130.16,130.81,130.8,130.8,130.79,130.3,130.51,130.27,141.12,141.12,141.15,141.15,141.16,141.12,141.12,142.92,92.52,128.8
2025/05/23,144.43,108.51,101.46,101.46,101.46,108.5,127.43,134.27,139.09,145.57,145.58,145.59,131.64,145.59,145.59,145.9,134.88,134.91,145.57,145.59,138.55,138.55,138.55,138.55,145.9,101.46,134.14
2025/05/22,131.46,131.47,129.91,108.23,129.41,139.94,139.94,132.4,140.53,140.69,153.27,153.3,140.87,153.25,153.25,153.24,140.87,140.87,141.1,140.69,140.69,140.69,137.88,134.06,153.3,108.23,140.05
2025/05/21,144.43,130.85,100.58,100.58,100.58,100.58,100.58,126.05,132.04,146.73,146.71,141.31,138.9,146.44,149.72,149.72,141.85,141.85,141.92,142.2,142.06,141.87,139.65,139.65,149.72,100.58,134.31
2025/05/20,144.43,103.25,102.61,89.41,89.62,98.27,103.25,127.27,134.91,137.55,143.87,135.01,134.98,134.95,134.94,134.96,134.9,137.1,151.9,151.96,149.44,141.18,141.18,141.18,151.96,89.41,130.49
2025/05/19,109.15,90.73,88.77,86.79,87.58,89.94,109.15,109.89,125.02,145.27,130.69,130.19,125.01,125.01,126.64,144.86,128.74,128.7,155.68,155.7,146.79,129.54,129.1,128.73,155.7,86.79,123.49
2025/05/18,108.76,84.13,84,84,87.2,109.74,110.33,110.08,110.82,109.85,110.52,110.48,110.38,110.38,107.32,110.38,110.48,133.16,133.39,143.01,142.33,142.41,142.41,142.41,143.01,84,115.82
2025/05/17,120.45,108.55,84.95,82.93,82.93,85.45,108.08,109.18,125.26,129.06,136.85,136.85,136.79,136.85,131.22,131.14,127.89,127.48,128.1,128.22,130.19,145.06,128.48,109.67,145.06,82.93,120.32
2025/05/16,108.51,107.67,104.81,108.51,107.68,111.35,109.28,127.44,132.57,145.65,145.62,145.58,140.99,145.58,143.17,143.17,144.24,132.64,132.62,130.27,131.89,130.19,129.71,128.54,145.65,104.81,129.91
2025/05/15,127.69,101.9,100.08,99.6,98.27,100.08,122.98,129.08,129.08,134.23,134.23,134.23,134.16,134.23,136.41,134.21,134.18,131.9,129.45,129.44,129.43,129.63,128.91,127.5,136.41,98.27,125.38
2025/05/14,129.44,105.52,103.71,105.52,107.54,108.28,126.1,130.63,128.67,131.8,136.52,136.5,132.41,135.94,136.47,148.28,140.32,134.63,131.81,131.86,131.8,130.63,128.74,127.31,148.28,103.71,127.57
2025/05/13,109.04,107.57,103.71,89.32,91.8,116.32,125.27,130.81,129.41,129.69,139.63,139.62,132.61,132.64,139.32,139.6,143.72,143.21,143.19,143.38,143.38,143.38,126.25,126.22,143.72,89.32,128.13
2025/05/12,114.38,107.58,84.74,84.74,108.79,110.79,111.59,130.64,130.65,131.85,134.51,-48,-72.15,134.13,134.13,134.13,134.13,131.92,130.72,131.87,130.72,129.44,129.44,127.75,134.51,-72.15,110.36
2025/05/11,100.25,83.8,82.79,82.28,83.29,82.83,82.27,79.75,112.8,113.6,130.88,130.14,-72.15,-3,0,108.77,107.73,113.08,128.28,131.51,128.28,130.92,113.75,111.71,131.51,-72.15,93.43
2025/05/10,129.88,110.88,110.63,110.5,84.78,110.58,110.91,111.31,131.07,131.07,131.67,131.67,131.67,131.67,131.59,131.88,128.18,127.58,127.53,128.13,131.84,129.82,124.9,110.92,131.88,84.78,122.76
2025/05/09,111.93,111.39,108.89,93.63,93.63,108.89,112.45,112.38,129.29,136.66,144.74,136.55,130.64,143.96,129.29,129.21,127.02,128.91,127.03,127.02,126.54,112.38,110.55,110.16,144.74,93.63,121.14
2025/05/08,111.32,111.19,100.55,100.55,99.43,111.27,129.15,126.97,127.14,130.65,145.27,-72.15,-72.15,-48,132.42,132.41,132.42,132.24,131.84,131.86,126.63,131.83,129.44,111.94,145.27,-72.15,104.01
2025/05/07,113.26,107.65,94.03,91.45,93.95,94.32,110.57,122.04,128.83,131.06,146.36,131.05,131.05,130.86,128.31,128.31,130.64,145.2,129.23,128.23,129.4,125.6,125.68,118.75,146.36,91.45,122.03
2025/05/06,111.28,107.55,93.79,93.83,93.88,109.99,110.81,119.12,130.86,130.84,130.89,130.89,127.48,130.9,129.9,130.13,127.48,127.48,128.98,130.13,130.13,129.58,120.26,118.94,130.9,93.79,120.82
2025/05/05,110.46,109.77,109.76,94.38,109.74,109.76,110.25,110.33,110.44,118.24,118.73,121.18,125.46,130.9,129.52,130.9,129.01,128.85,129.18,131.46,129.04,131.45,131.45,118.72,131.46,94.38,120.45
2025/05/04,110.94,110.39,109.91,94.38,110.72,112.43,112.43,130.91,129.73,129.38,-72.14,-72.15,-72.15,-72.15,0,119.12,118.49,119.12,130.08,143.45,143.45,143.45,143.45,143.45,143.45,-72.15,93.9
2025/05/03,141.87,109.81,103.3,101.52,102.43,109.73,110.11,118.61,130.64,129.77,0,0,0,0,128.16,127.72,131.13,124.84,124.84,130.19,130.19,129.59,119.73,118.73,141.87,0,105.32
2025/05/02,130.63,110.44,109.8,106.28,109.98,129.3,118.66,130.58,129.82,130.66,131.86,131.87,129.93,129.94,129.94,129.94,129.93,129.89,131.87,140.77,140.77,144.95,144.95,144.95,144.95,106.28,129.95
2025/05/01,125.64,110.01,105.66,103.1,103.1,110.22,110.71,110.93,121.78,120.16,121.78,121.78,128.72,131.89,131.64,131.35,130.56,121.78,119.94,119.94,119.68,118.7,126.56,111.18,131.89,103.1,119.15
2025/04/30,113.64,98.73,98.13,98.16,99.22,114.36,116.47,137.84,135.99,139.52,157.28,139.5,139.47,139.5,139.5,146.97,139.38,139.31,138.34,138.34,133.79,129.1,138.34,139.29,157.28,98.13,129.48
2025/04/29,115.55,98.46,98.25,97.5,98.46,113.97,116.29,139.34,136.68,139.36,161.24,147.13,-48,137.08,139.33,139.33,139.33,136.48,115.8,117.31,155.74,115.8,115.8,115.8,161.24,-48,119.38
2025/04/28,93.69,84.24,84.24,84.24,84.24,88.67,99.71,115.81,156.99,156.99,139.28,0,-72.16,-72.16,136.93,157.47,137.21,135.92,116.75,116.75,116.29,99.96,100,100.05,157.47,-72.16,97.09
2025/04/27,99.56,85.05,92.94,84.91,92.84,99.3,99.67,96.39,100.03,99.88,100.27,0,-48,-48,100.21,100.27,99.55,99.77,100.34,100.4,100.4,100.46,100.52,100.52,100.52,-48,83.37
2025/04/26,111.73,98.42,93.43,93.43,110.81,114.9,115.84,111.16,111.3,111.58,-1,-72.16,-72.16,-72.16,115.84,117.13,112.11,116.35,115.84,115.84,115.84,115.84,115.84,115.84,117.13,-72.16,88.91
2025/04/25,99.19,97.85,97.94,95.19,99.18,115.71,116.88,115.72,137.87,137.86,139.26,-72.16,-72.16,-72.16,137.86,137.86,137.86,138.07,134.98,135,134.41,133.04,133.04,118.78,139.26,-72.16,102.87
2025/04/24,114.15,98.53,97.52,97.52,98.92,115.55,132.89,132.88,137.63,137.3,139.28,122.48,137.3,139.28,138,139.28,137.3,145.98,146.86,146.96,135,132.89,118.64,118.17,146.96,97.52,128.01
2025/04/23,99.26,97.96,92.24,97.69,99.27,129.37,133.38,133.59,137.89,141.7,141.7,152.08,152.08,152.08,152.08,152.08,152.08,161.96,152.35,152.42,152.42,152.42,152.55,151.73,161.96,92.24,138.87
2025/04/22,113.74,84.96,84.96,84.96,84.96,94.7,98.42,116.93,137.92,145.44,148.05,148.05,138.96,148.65,166.11,166.11,141.09,141.09,141.1,137.54,137.91,137.93,137.42,120.67,166.11,84.96,128.76
2025/04/21,102.86,92.94,92.94,92.94,93.24,115.22,116.68,117.69,137.69,137.3,157.6,138.15,0,114.84,137.09,139.33,137.09,137.09,137.39,137.39,136.83,134.4,117.83,117.83,157.6,0,119.9
2025/04/20,99.84,99.47,84.9,92.38,99.49,100.2,100.2,99.61,81.09,99.82,113.38,99.82,0,99.64,99.7,99.95,99.91,99.6,100.15,111.91,111.91,111.91,111.91,111.87,113.38,0,98.27
2025/04/19,98.95,98.95,98.36,98.27,98.36,98.36,113.41,112.74,112.8,97.93,98.36,98.07,98.02,100.43,113.79,100.49,99.44,99.92,100.58,100.64,100.64,100.7,100.7,100.7,113.79,97.93,101.71
2025/04/18,112.96,98.75,111.76,111.76,115.76,116.2,116.2,139.34,142.17,142.17,183.32,154.69,137.27,137.27,137.27,137.27,137.27,137.6,135.76,137.2,135.21,132.72,118.17,118.37,183.32,98.75,131.05
2025/04/17,115.1,99.25,98.73,98.35,98.93,113.06,116.2,135.06,142.18,142.33,142.33,142.32,142.01,139.35,139.33,154.08,137.87,137.67,137.03,136.95,137.45,136.12,137.18,132.58,154.08,98.35,129.57
2025/04/16,151.45,127.36,127.36,127.36,127.36,147.7,147.7,147.65,146.92,159.97,162.07,144.57,0,144.53,144.5,161.65,138.42,138.36,138.29,138.29,138.22,138.07,138.07,137.79,162.07,0,137.22
2025/04/15,117.35,116.19,108.84,108.68,109.21,134.66,135.09,135.17,139.34,137.29,139.35,0,0,137.13,137.24,137.28,137.28,137.13,137.29,155.4,155.4,153.15,153.14,152.58,155.4,0,126.55
2025/04/14,93.31,83.85,83.85,83.85,83.85,103.49,98.12,117.01,159.72,154.18,159.72,0,0,0,161.86,154.34,148.21,148.21,148.26,160.6,137.99,137.94,137.91,137.91,161.86,0,115.24
2025/04/13,114.77,98.16,84.98,86.61,99.42,117.07,117.07,115.61,98.4,98.65,-1,-72.16,-72.16,-72.16,-72.16,99.4,99.21,99.4,118.63,118.63,118.63,118.63,118.63,116.17,118.63,-72.16,81.36
2025/04/12,129.4,98.55,93.69,92.25,92.58,98.55,98.9,99.23,99.26,111.23,139.87,139.86,139.86,139.87,139.86,156.66,134.49,129.4,129.4,129.4,129.4,129.4,129.4,129.4,156.66,92.25,121.63
2025/04/11,115.35,99.11,98.29,98.32,99.12,115.67,138.96,139.09,139.89,140.03,144.65,139.5,133.39,133.38,133.38,139.33,133.39,140.38,141.28,141.5,140.93,133.41,133.41,127.64,144.65,98.29,129.2
2025/04/10,114.2,98.67,96.68,96.68,98.51,110.65,135.3,139,150.81,154.15,154.6,142.98,142.98,148.79,139.45,139.15,137.02,137.06,137.07,137.07,136.98,156.35,154.41,118.81,156.35,96.68,132.99
2025/04/09,154.2,115.55,98.92,98.64,109.17,135.68,139.56,139.55,139.84,139.83,153.94,139.82,139.82,139.82,139.82,139.81,139.55,139.71,139.83,139.83,139.84,139.55,139.55,139.55,154.2,98.64,135.09
2025/04/08,154.2,115.14,98.22,98.19,109.24,146.86,146.86,141.47,142.91,142.05,141.49,136.56,136.48,136.54,136.5,136.56,136.48,136.56,140.38,155.49,155.49,150.81,150.88,150.88,155.49,98.19,137.72
2025/04/07,111.09,97.78,86.53,86.53,87.34,93.64,116.46,125.73,155.33,155.33,155.33,137.66,135.63,139.33,135.64,139.33,151.21,151.21,151.75,156.47,151.75,151.75,151.75,151.75,156.47,86.53,132.91
2025/04/06,101.18,99.36,85.99,88.94,113.27,155.33,155.33,155.33,101.07,101.51,116.12,101.12,0,6.87,116.87,96.04,99.36,114.63,120.82,153.11,153.19,153.78,153.89,152.95,155.33,0,115.92
2025/04/05,152.89,98.65,97.55,89.49,93.23,98.65,98.65,98.65,99.2,115.27,151.8,141.08,139.83,139.91,116.15,116.71,100.52,99.11,99.15,100,100,99.28,99.18,99.28,152.89,89.49,109.56
2025/04/04,154.2,105.88,98.33,98.33,108.54,149.29,149.29,149.29,146.78,146.78,146.78,146.3,146.3,146.3,146.1,146.42,146.42,146.42,137.9,151.53,153.8,153.8,151.59,151.59,154.2,98.33,140.93
2025/04/03,147.76,123.02,98.47,98.33,98.96,123.66,147.61,147.61,147.41,153.64,155.2,147.21,147.17,147.17,147.17,154.88,147.21,139.87,147.41,150.13,155.71,148.77,148.77,150.13,155.71,98.33,140.82
2025/04/02,104.85,95.52,94.67,95.09,95.07,98.57,117.13,158.5,154.76,135.07,136.76,139.35,0,136.8,136.81,139.37,136.83,133.06,133.17,158.3,118.48,116.94,116.46,116.46,158.5,0,120.55
2025/04/01,99.41,98.52,97.55,97.74,98.79,122.85,128.35,136.04,143.52,143.77,145.19,0,0,0,137.21,156.03,137.21,156.92,149.48,155.35,155.42,155.42,155.42,153,156.03,0,120.87
2025/03/31,113.89,96.51,87.25,85.98,87.25,89.13,113.8,128.59,138.69,132.46,132.46,132.46,-48,0,132.46,128.84,128.84,128.53,147.36,126.89,147.36,147.36,147.36,141.24,147.36,-48,115.03
2025/03/30,132.58,116.49,100.08,100.08,123.9,133.33,134.73,132.56,97.06,100.08,100.21,0,-48,-48,97.35,98.17,96.54,122.8,144.37,144.37,144.37,144.37,144.41,144.41,144.41,-48,107.16
2025/03/29,134.22,132.24,129.77,123.15,129.87,134.48,134.42,126.37,123.05,103.28,133.4,133.4,128.99,130.32,111.26,99.91,99.91,111.64,124.34,133.55,133.1,133.1,133.1,133.1,134.48,99.91,125.56
2025/03/28,122.71,103.48,96.65,99.04,103.48,124.12,124.37,132.89,130.68,139.92,0,0,0,0,0,0,0,127.43,134.93,135.75,132.67,130.47,132.07,132.67,139.92,0,91.73
2025/03/27,112.54,96.79,96.58,96.58,96.58,96.76,97.49,113.8,117.53,160.78,160.78,134.55,124.9,134.48,134.33,134.88,134.72,130.4,128.87,132.89,113.8,113.38,113.8,104.43,160.78,96.58,120.26
2025/03/26,107.71,88.89,88.89,88.89,97.33,113.8,114.91,118.16,139.09,114.84,126.41,-48,-69.76,-48,0,126.38,126.38,126.38,140.8,140.8,126.41,126.41,126.41,126.41,140.8,-69.76,96.11
2025/03/25,107.37,96.67,96.49,85.4,96.39,97.29,103.48,103.48,124.12,130.21,132.46,-69.76,-69.76,-69.76,0,130.21,130.2,124.12,124.12,113.8,113.38,111.73,108.51,108.36,132.46,-69.76,88.8
2025/03/24,113.8,96.53,84.4,84.4,96.71,96.86,100.41,123.44,113.8,130.14,124.12,0,0,-48,0,107.35,113.8,120.33,152.69,133.42,121.88,110.5,113.8,109.15,152.69,-48,94.43
2025/03/23,124.29,115.03,113.6,111.97,113.6,137.26,145.87,143.72,99.94,99.82,0,-69.76,-69.76,-69.76,-69.76,103.29,101.14,114.2,123.9,135.32,135.32,135.32,135.33,135.3,145.87,-69.76,92.83
2025/03/22,132.94,123.89,123.89,112.5,123.89,136.47,136.54,124.35,113.58,113.83,-69.76,-69.76,-69.76,-69.76,-69.76,0,97.09,115.94,134.42,134.43,134.43,134.44,134.44,134.45,136.54,-69.76,88.12
2025/03/21,114.15,97.31,96.22,89.43,96.9,103.48,124.12,128.38,131.96,131.94,-69.76,-69.76,-69.76,-69.76,-69.76,0,125.8,125.8,135.31,145.76,145,145,145,145,145.76,-69.76,85.03
2025/03/20,112.45,100.47,97.02,96.99,97.02,111.15,150.37,150.37,136.22,136.12,145.93,0,0,0,132.11,130.22,143.86,129.64,144.01,144.85,144.85,144.85,126.73,144.05,150.37,0,116.13
2025/03/19,112.26,98.04,96.43,91.44,96.57,106.29,113.12,113.16,141.24,141.24,157.94,130.22,128.9,128.9,128.71,128.89,130.22,128.71,131.28,131.28,144.94,144.94,144.94,144.94,157.94,91.44,126.07
2025/03/18,141.54,98.63,89.33,87.31,88.66,96.86,110.34,120.49,143.45,152.85,132.64,128.13,0,125.33,125.33,125.33,137.15,137.05,137.42,137.42,137.42,137.06,137.06,118.56,152.85,0,119.79
2025/03/17,95.74,83.24,83.24,83.24,83.24,83.24,87.44,110.79,136.49,136.49,129.51,0,0,0,0,122.98,122.9,114,114.35,113.23,111.08,110.79,110.79,110.79,136.49,0,91.58
2025/03/16,97.15,83.61,82.45,82.45,82.45,82.45,85.12,85.12,82.45,82.45,95.61,99.89,99.76,111.54,99.05,95.61,86.55,97.15,98.41,98.41,98.41,98.41,98.41,98.41,111.54,82.45,93
2025/03/15,131.75,98.13,97.37,97.03,97.03,98.22,98.22,98.26,97.03,107.97,97.87,97.65,6.83,79.16,67.12,78.74,86.47,97.59,98.54,98.54,98.54,98.54,98.54,98.54,131.75,6.83,92.62
2025/03/14,112.86,97.27,96.4,84.43,96.99,108.36,112.96,113.6,122.92,139.97,122.75,0,-69.76,-69.76,-48,113.26,112.05,122.06,121.67,113.8,111.44,110.36,111.44,114,139.97,-69.76,88.81
2025/03/13,91.37,85.12,82.92,82.59,83.85,89.99,109.57,111.44,116.83,116.81,116.79,115.06,97.84,97.84,97.84,111.44,106.95,111.74,111.85,163.07,163.07,111.74,111.74,111.74,163.07,82.59,109.79
2025/03/12,103.52,89.8,89.8,89.58,89.8,89.8,97.93,143.85,143.7,143.7,152.29,143.5,143.5,143.5,143.5,143.5,128.97,125.9,125.9,153.43,153.43,143.7,113.25,112.47,153.43,89.58,126.9
2025/03/11,145.86,87.23,84.7,83.44,84.7,87.23,96.44,144.74,130.22,137.56,148.1,148.1,148.1,148.1,148.1,130.22,137.54,148.1,148.48,148.55,145.86,145.86,142,95.94,148.55,83.44,128.83
2025/03/10,113.11,99.73,97.02,97.02,97.02,99.73,113.11,133.46,147.8,147.13,128.74,113.94,112.18,112.27,112.88,113.94,113.94,148.28,143.78,121.61,148.28,148.28,112.16,148.28,148.28,97.02,123.07
2025/03/09,154.76,97.6,89.37,97.6,140.7,143.59,141.37,96.67,78.49,77.77,0,-69.76,-69.76,-69.76,-69.76,79.29,95.61,122.91,146.46,143.36,141.31,145.65,141.31,145.77,154.76,-69.76,87.1
2025/03/08,143.8,143.8,143.8,143.8,143.8,143.8,143.8,143.8,138.71,96.99,114.29,114.27,114.26,96.99,96.57,96.54,96.51,96.99,144.9,123.16,144.9,144.9,144.9,144.9,144.9,96.51,127.51
2025/03/07,94.02,85.51,85.51,85.51,85.51,88.92,96.9,115.17,121.7,130.22,113.6,130.21,110.19,130.22,130.21,130.22,150.18,198.95,148.42,113.23,149.22,148.05,144.83,97.84,198.95,85.51,122.02
2025/03/06,96.15,85.9,85.62,85.62,85.62,85.9,96.9,97.84,113.97,130.22,151.39,130.22,108.65,-69.76,0,113.36,111.54,113.95,113.96,113.08,101.11,97.84,97.84,97.84,151.39,-69.76,95.36
2025/03/05,96.24,85.51,85.51,85.51,85.51,85.51,96.9,113.06,129.05,148.58,149.57,146.95,128.98,131.55,131.28,127.29,122.44,149.85,149.85,122.26,134.16,113.65,111.89,112.42,149.85,85.51,119.7
2025/03/04,83.19,83.19,83.19,83.19,83.19,83.19,83.19,97.69,114.02,121.73,149.92,131.28,148.7,148.7,148.7,129.52,125.75,113.55,114.02,114.02,134.85,109.32,110.22,97.69,149.92,83.19,113.27
2025/03/03,81.32,79.49,79.49,79.49,79.49,79.49,81.76,83.21,95.61,113.26,113.26,114.75,114.75,114.75,114.75,114.75,114.18,114.29,114.07,112.98,98.41,97.48,95.61,94.07,114.75,79.49,100.33
2025/03/02,84.9,82.37,79.49,79.49,79.49,79.49,80.18,81.49,81.06,79.49,79.53,79.53,79.49,79.49,79.49,80.18,82.37,86.26,86.26,86.26,86.26,86.26,86.26,86.26,86.26,79.49,82.26
2025/03/01,95.61,86.26,84.33,81.71,81.71,81.91,84.33,84.08,95.6,99.33,112.34,99.33,99.33,99.33,99.33,99.33,98.4,95.86,95.91,95.95,95.92,86.26,95.61,86.26,112.34,81.71,93.21
2025/02/28,87.2,81.74,80.53,80.53,80.53,80.71,88.12,99.18,115.69,153.44,155.88,130.81,115.63,115.61,115.61,115.61,115.6,113.83,100.14,100.14,99.2,152.97,92.54,151.99,155.88,80.53,109.59
2025/02/27,97.37,88.86,88.86,88.86,88.86,116.84,117.74,113.61,142.09,118.94,118.91,117.09,100.23,102.15,102.32,112.76,112.76,113.15,117.43,113.4,107.64,107.64,107.64,107.64,142.09,88.86,108.68
2025/02/26,105.07,97.54,82.1,82.1,82.1,87.2,113.35,113.99,123.71,130.86,141.24,0,-67.16,0,130.11,128.35,130.79,150.61,119.7,119.79,153.18,147.84,147.59,114.01,153.18,-67.16,104.77
2025/02/25,116.69,85.02,83.6,82.77,83.6,85.02,115.47,107.9,151.48,151.09,153.28,142,128.4,128.32,128.32,128.32,152.46,130.78,114.94,114.94,113,109.59,109.59,109.59,153.28,82.77,117.84
2025/02/24,87.21,80.05,80.05,80.05,80.05,81.1,97.63,114.82,130.83,149.97,147.76,132.15,126.28,110.57,126.28,111.72,132.15,132.15,122.49,114.31,114.31,113.9,114.31,113.9,149.97,80.05,113.29
2025/02/23,104.96,86.42,86.39,84.98,85.83,86.43,98.4,97.34,81.85,79.67,98.31,72.76,72.76,6.21,72.76,72.76,79.67,96.13,104.96,104.96,98.27,104.96,103.97,104.96,104.96,6.21,87.39
2025/02/22,108.15,101.48,102.66,85.12,85.12,102.42,106.37,104.78,103.15,98.05,110.37,80.29,0,0,76.15,79.69,82.46,97.87,108.44,108.44,108.44,108.44,108.44,108.44,110.37,0,92.18
2025/02/21,107.9,97.98,102.32,84.33,101.64,101.91,107.07,132.8,138.87,147.57,148.73,140.38,132.73,0,132.54,132.81,146.98,132.81,132.56,126.31,113.91,113.67,113.9,113.9,148.73,0,117.89
2025/02/20,113.06,98.68,97.71,82.54,83.49,98.78,113.15,128.79,134.47,147.63,147.09,134.45,134.03,132.82,130.24,130.24,132.82,132.82,132.82,132.82,126.33,113.88,113.88,122.75,147.63,82.54,122.16
2025/02/19,107.9,101.77,98.38,97.93,98.42,102.35,113.2,128.69,137.5,142.09,157.35,0,0,0,132.57,131,140.97,132.55,130.74,130.78,129.84,124.91,128,128.37,157.35,0,110.62
2025/02/18,122.64,102.15,98.46,98.46,98.46,99.51,113.01,128.93,143.78,149.48,145.96,142.19,0,0,131.05,131.05,131.05,131.05,130.78,129.98,129.9,125.25,125.25,113.94,149.48,0,115.56
2025/02/17,122.49,98.61,97.86,80.89,0,98.22,102.01,132.8,132.5,147.82,147.07,132.56,130.94,131.73,131.11,132.15,145.88,132.15,130.06,130.79,130.79,132.48,132.45,113.87,147.82,0,121.65
2025/02/16,149.29,150.13,144.6,81.8,81.8,96.48,97.91,149.29,145.81,103.5,103.74,103.74,103.74,103.74,105.3,105.35,103.67,105.39,150.6,105.55,103.76,103.76,103.41,99.98,150.6,81.8,112.87
2025/02/15,143.7,101.69,99.22,99.09,99.22,101.8,102.54,115.65,116.85,145.78,150.58,148.17,142.54,142.54,142.54,142.54,142.54,102.92,144.29,143.25,107.61,144.29,145.5,148.77,150.58,99.09,128.53
2025/02/14,108.13,98.48,98.07,82.54,145.98,116.86,122.49,132.78,146.26,149.27,143.92,132.57,131.3,132.8,131.99,131.99,132.57,140.9,145.87,145.87,148.13,188.45,148.13,144.74,188.45,82.54,134.27
2025/02/13,112.57,101.6,101.61,98.25,101.6,111.24,112.61,132.81,136.01,145.94,148.99,139.35,0,0,132.15,131.37,140.03,144.62,132.23,132.23,130.15,145.59,145.59,114.04,148.99,0,117.94
2025/02/12,103.44,97.28,93.04,81.32,92.42,93.39,109.51,123.61,132.59,146.06,154.15,145.75,144.46,143.44,143.44,143.44,132.8,134.13,134.98,130.21,130.14,132.49,125.7,123.89,154.15,81.32,125.83
2025/02/11,103.12,101,100.23,83.22,84.06,144.06,119.53,266,138.75,150.33,146.69,144.34,131.36,131.37,132.15,131.37,132.15,132.15,132.15,132.15,150.18,113.98,113.98,113.98,266,83.22,130.81
2025/02/10,105.62,81,80.92,80.73,80.85,81,88.04,108.96,142.19,154.52,157.07,149.65,130.3,132.55,130.3,130.3,141.24,145.53,146.49,147.67,148.04,145.46,148.04,115.24,157.07,80.73,126.01
2025/02/09,103.41,99.27,99.08,82.99,82.99,98.46,99.15,102.61,103.48,103.74,106.34,103.74,104.56,103.74,103.64,102.95,103.74,106.23,111.85,108.84,103.48,103.48,103.48,103.48,111.85,82.99,102.16
2025/02/08,113.07,112.79,99.34,98.79,98.67,101.6,112.3,113.49,115.53,132.78,134.8,134.8,127.28,127.28,115.54,115.54,124.41,115.55,142.05,132.49,128.31,114.24,113.56,114.88,142.05,98.67,118.78
2025/02/07,112.43,101.97,98.56,98.14,98.13,98.55,111.77,113.73,143.58,159.17,144.19,145.58,142.58,142.54,136.43,144.83,143.35,143.35,134.8,131.51,130.1,129.66,129.78,128.8,159.17,98.13,128.93
2025/02/06,105.98,97.98,97.72,84.44,95.69,98.29,105.34,114.59,141.12,154.52,153.3,142.65,142.65,142.65,145.23,142.65,150.32,146.37,134,146.39,146.39,112.51,102.23,107.9,154.52,84.44,126.8
2025/02/05,106.94,96.77,84.44,84.44,84.44,98.11,109.77,111.86,139.87,148.18,150.83,138.84,132.35,133.91,133.58,142,133.58,132.24,132.24,127.04,131.1,112.43,105.93,105.7,150.83,84.44,121.35
2025/02/04,105.07,102.15,84.44,84.44,84.44,102.15,99.28,129.79,134.8,148.44,151.01,143.02,143.02,143.02,133.77,146.1,134.09,134.15,134.57,134.57,134.8,143.79,130.02,113.79,151.01,84.44,126.56
2025/02/03,102.15,80.55,80.55,80.55,80.55,80.55,86.78,109.48,142.19,157.57,151.41,133.91,133.05,133.58,131.32,132.92,132.92,132.92,133.91,133.91,114.52,102.78,99.72,99.16,157.57,80.55,116.83
2025/02/02,96.38,82.91,82,81.27,81.27,81.4,82.94,82.94,95.27,98.13,100.7,100.74,100.59,100.74,106.29,106.3,105.9,106.21,105.96,100.74,100.74,99.79,98.13,97.32,106.3,81.27,95.9
2025/02/01,117.53,98.71,119.56,82.77,82.77,82.77,84.47,119.15,119.06,105.95,132.56,151.16,113.57,110.31,104.88,104.97,105.01,103.66,103.6,103.41,103.23,100.17,99.92,100.37,151.16,82.77,106.4
2025/01/31,123.88,81.96,81.79,81.06,81.13,81.96,150.11,128.17,151.51,164.38,151.89,150.48,136.63,138.88,136.63,136.63,136.36,133.09,158.57,158.57,158.57,114.6,116.3,121.17,164.38,81.06,129.72
